<?xml version="1.0" encoding="UTF-8"?>
<project-private xmlns="http://www.netbeans.org/ns/project-private/1">
    <editor-bookmarks xmlns="http://www.netbeans.org/ns/editor-bookmarks/2" lastBookmarkId="0"/>
    <open-files xmlns="http://www.netbeans.org/ns/projectui-open-files/2">
        <group>
            <file>file:/D:/LTPT/Rmi_Nhom4/src/TinhToan.java</file>
            <file>file:/D:/LTPT/Rmi_Nhom4/src/MyClient.java</file>
            <file>file:/D:/LTPT/Rmi_Nhom4/src/maytinh.java</file>
            <file>file:/D:/LTPT/Rmi_Nhom4/src/rmi_nhom4/Rmi_Nhom4.java</file>
            <file>file:/D:/LTPT/Rmi_Nhom4/src/ITinhtoan.java</file>
            <file>file:/D:/LTPT/Rmi_Nhom4/src/MyServer.java</file>
            <file>file:/D:/LTPT/Rmi_Nhom4/src/ToHop/ITohop.java</file>
        </group>
    </open-files>
</project-private>
